job title,company name,Date,location,skills,links
Python Or Electron Framework Developer (Knowledge Survivor - Desktop Application),ItsTime -,4 days ago,"Oakville, Canada ",Part TimeFreelance / ProjectExperienced · 2+ Yrs of Exp · IT/Software Development · Engineering - Telecom/Technology · Python · UI · Computer Science · Information Technology (IT) · Software Development · GTK · English · Software Engineering,/jobs/p/6kmqfkoQ34Fi-Python-Or-Electron-Framework-Developer-Knowledge-Survivor---Desktop-Application-ItsTime-Oakville-Canada?o=1&l=sp&t=sj&a=python|search-v3|hpb|spbl
Senior Python Developer,CLOUDSIGMA AG -,6 days ago,"Sofia, Bulgaria ",Full TimeExperienced · 5+ Yrs of Exp · IT/Software Development · Engineering - Telecom/Technology · Python3 · Relational Databases · Celery · VMWare · Django · Continous Integration · Test Driven Development · HTTP,/jobs/p/bjKrYXddLwLG-Senior-Python-Developer-CLOUDSIGMA-AG-Sofia-Bulgaria?o=2&l=sp&t=sj&a=python|search-v3|hpb|spbl
Flask Python Developer,Cyber security  Company -,4 days ago,"Cairo, Egypt ",InternshipEntry Level · IT/Software Development · Analyst/Research · Engineering - Telecom/Technology · Flask · Python · Software Development · Computer Science · Information Technology (IT),/internship/LGTfqNjP6gc7-Flask-Python-Developer-Cyber-security-Company-Cairo-Egypt?o=3&l=sp&t=sj&a=python|search-v3|hpb|spbl
Senior Python Django Developer,Mentor Seven -,9 days ago,"New Cairo, Cairo, Egypt ",Full TimeExperienced · 3+ Yrs of Exp · IT/Software Development · Engineering - Telecom/Technology · Computer Science · Django · Python · Python Django · Software Development · Information Technology (IT) · ORM · Telecom Engineering,/jobs/p/cwxs7KB0EFeK-Senior-Python-Django-Developer-Mentor-Seven-Cairo-Egypt?o=4&l=sp&t=sj&a=python|search-v3|hpb|spbl
Senior Python Backend Developer,CROCOSOFT -,20 days ago,"New Cairo, Cairo, Egypt ",Full TimeWork From HomeExperienced · 2 - 5 Yrs of Exp · IT/Software Development · Engineering - Telecom/Technology · Python · Flask · Git · Microservice Architecture · Relational Databases · Design Patterns · English · Information Technology (IT),/jobs/p/ZS2AZ15Zb6gT-Senior-Python-Backend-Developer-CROCOSOFT-Cairo-Egypt?o=5&l=sp&t=sj&a=python|search-v3|hpb|spbl
Python Developer for Sports Statistics.,Fekra Technology Solutions and Construction -,27 days ago,"Dokki, Giza, Egypt ",Full TimeWork From HomeExperienced · 4 - 6 Yrs of Exp · IT/Software Development · Engineering - Telecom/Technology · Computer Science · ETL · Python · SQL · Information Technology (IT),/jobs/p/d3zIKes35LZX-Python-Developer-for-Sports-Statistics-Fekra-Technology-Solutions-and-Construction-Giza-Egypt?o=6&l=sp&t=sj&a=python|search-v3|hpb|spbl
Senior / Mid Senior Python (Django) Developer,InnovaDigits -,30 days ago,"Mansoura, Dakahlia, Egypt ",Full TimeExperienced · 5+ Yrs of Exp · IT/Software Development · Engineering - Telecom/Technology · Computer Science · Django · Python · AWS · Docker · Software Development · Information Technology (IT) · MySQL,/jobs/p/rpANthPLGT2M-Senior-Mid-Senior-Python-Django-Developer-InnovaDigits-Dakahlia-Egypt?o=7&l=sp&t=sj&a=python|search-v3|hpb|spbl
Senior Python Developer,Stackzy -,1 month ago,"6th of October, Giza, Egypt ",Full TimeExperienced · 2 - 4 Yrs of Exp · Installation/Maintenance/Repair · IT/Software Development · Engineering - Telecom/Technology · Python · Databases · Software Development · Data Processing · airflow · Cloud · Computer Science,/jobs/p/k7LetgYe0WZg-Senior-Python-Developer-Stackzy-Giza-Egypt?o=8&l=sp&t=sj&a=python|search-v3|hpb|spbl
Python Backend Developer,Bydotpy -,1 month ago,"New Cairo, Cairo, Egypt ",Full TimeExperienced · 5+ Yrs of Exp · IT/Software Development · Engineering - Telecom/Technology · Python · Django · Flask · RESTful API · Computer Science · Computer Engineering · Software Development · Information Technology (IT),/jobs/p/A1z5DK0essUs-Python-Backend-Developer-Bydotpy-Cairo-Egypt?o=9&l=sp&t=sj&a=python|search-v3|hpb|spbl
Senior Python Engineer,El-Sewedy Electrometer -,1 month ago,"6th of October, Giza, Egypt ",Full TimeExperienced · 2 - 5 Yrs of Exp · IT/Software Development · Engineering - Telecom/Technology · Python · Computer Science · MySQL · Linux · Information Technology (IT) · SQL · jQuery · Programming,/jobs/p/ohFtakW4EZWa-Senior-Python-Engineer-El-Sewedy-Electrometer-Giza-Egypt?o=10&l=sp&t=sj&a=python|search-v3|hpb|spbl
Python Developer,OdooTec -,2 months ago,"New Cairo, Cairo, Egypt ",Full TimeEntry Level · 1 - 2 Yrs of Exp · IT/Software Development · Engineering - Telecom/Technology · Odoo · MVC · Information Technology (IT) · Computer Science · Python · Software Development · CSS · Design,/jobs/p/TEXsA8hxgzA7-Python-Developer-OdooTec-Cairo-Egypt?o=11&l=sp&t=sj&a=python|search-v3|hpb|spbl
Senior Python / Django Developer,RDI -,2 months ago,"Dokki, Giza, Egypt ",Full TimeExperienced · 2+ Yrs of Exp · IT/Software Development · Engineering - Telecom/Technology · Django · Python · MySQL · GIT · Docker · javaScript · Angular · RESTful APIs,/jobs/p/4yZylKxIEYZb-Senior-Python-Django-Developer-RDI-Giza-Egypt?o=12&l=sp&t=sj&a=python|search-v3|hpb|spbl
Senior Python Developer,Trufla -,2 months ago,"Heliopolis, Cairo, Egypt ",Full TimeExperienced · 4+ Yrs of Exp · IT/Software Development · Engineering - Telecom/Technology · Agile · APIs · AWS · Computer Science · Git · Linux · Python · REST,/jobs/p/6Yzv3ZC4RcGO-Senior-Python-Developer-Trufla-Cairo-Egypt?o=13&l=sp&t=sj&a=python|search-v3|hpb|spbl
Full Stack Developer,Remote Platz -,2 months ago,"Cairo, Egypt ",Full TimeWork From HomeExperienced · 3+ Yrs of Exp · IT/Software Development · Engineering - Telecom/Technology · fulll-stack · JavaScript · Vue.js · Python · Django · Node.js · Information Technology (IT) · HTML,/jobs/p/0jtWjsuV6i7L-Full-Stack-Developer-Remote-Platz-Cairo-Egypt?o=14&l=sp&t=sj&a=python|search-v3|hpb|spbl
"Solutions Engineer (Frontend, React)",Remotecoders -,10 days ago,"Cairo, Egypt ",Full TimeEntry Level · 1+ Yrs of Exp · IT/Software Development · Engineering - Telecom/Technology · Front end · Information Technology (IT) · Software Development · Front end developer · React · Computer Engineering · Computer Science · CSS,/jobs/p/51ZoQFUXmzBp-Solutions-Engineer-Frontend-React-Remotecoders-Cairo-Egypt?o=15&l=sp&t=sj&a=python|search-v3|hpb|spbl
SRE & Support Engineer,Cegedim -,4 days ago,"New Cairo, Cairo, Egypt ",Full TimeExperienced · 2+ Yrs of Exp · IT/Software Development · Engineering - Telecom/Technology · Jira · Saltstack · Jenkins · Linux · Oracle · MongoDB · Bash · Powershell,/jobs/p/8WvYpUq5JGNY-SRE-Support-Engineer-Cegedim-Cairo-Egypt?o=16&l=sp&t=sj&a=python|search-v3|hpb|spbl
DevOps/ProdOPS Engineer,Cegedim -,4 days ago,"New Cairo, Cairo, Egypt ",Full TimeExperienced · 2+ Yrs of Exp · IT/Software Development · Engineering - Telecom/Technology · Computer Science · Computer Engineering · Information Technology (IT) · DevOps · ProdOPS · Gradle · Git · Openshift,/jobs/p/m0PaYcX33que-DevOpsProdOPS-Engineer-Cegedim-Cairo-Egypt?o=17&l=sp&t=sj&a=python|search-v3|hpb|spbl
Cyber Security Engineer,axispay -,4 days ago,"Cairo, Egypt ",Full TimeExperienced · 2+ Yrs of Exp · IT/Software Development · Engineering - Telecom/Technology · Engineering · Information Technology (IT) · Cyber Security · Computer Science · Microsoft Office · Security · Python · SIEM,/jobs/p/Coh0q91oPwVu-Cyber-Security-Engineer-axispay-Cairo-Egypt?o=18&l=sp&t=sj&a=python|search-v3|hpb|spbl
Technical Artist,Limbic Entertainment (Cairo Office) -,4 days ago,"Sheraton, Cairo, Egypt ",Full TimeEntry Level · 1+ Yrs of Exp · Creative/Design/Art · IT/Software Development · Unreal Engine · Game development · Scripting · VFX · Autodesk Maya · Autodesk 3ds Max · Adobe Photoshop · Python,/jobs/p/9v4Tbqc4DwSy-Technical-Artist-Limbic-Entertainment-Cairo-Office-Cairo-Egypt?o=19&l=sp&t=sj&a=python|search-v3|hpb|spbl
Senior System Operation Engineer,Kashier Payment Solutions -,4 days ago,"Zamalek, Cairo, Egypt ",Full TimeExperienced · 3 - 5 Yrs of Exp · IT/Software Development · Engineering - Telecom/Technology · OpenShift · Linux Varietal · Docker · Tomcat · Hyper-V · Python · Computer Engineering · Troubleshooting,/jobs/p/VYtC3q1loeqf-Senior-System-Operation-Engineer-Kashier-Payment-Solutions-Cairo-Egypt?o=20&l=sp&t=sj&a=python|search-v3|hpb|spbl
Data Science Supervisor,Raya Customer Experience -,6 days ago,"6th of October, Giza, Egypt ",Full TimeExperienced · 4 - 7 Yrs of Exp · IT/Software Development · Analyst/Research · BI · Analysis · SQL · Data · ETL · Information Technology (IT) · Programming · MySQL,/jobs/p/ZuPAyVt9b0Xd-Data-Science-Supervisor-Raya-Customer-Experience-Giza-Egypt?o=21&l=sp&t=sj&a=python|search-v3|hpb|spbl
Odoo Developer,Target Recruitment  & HR Solutions  -,3 days ago,"Cairo, Egypt ",Full TimeExperienced · 3 - 7 Yrs of Exp · IT/Software Development · Engineering - Telecom/Technology · Odoo · Odoo Developer · Python · developer · Computer Science · Information Technology (IT) · Integration,/jobs/p/50lfpWwbd69d-Odoo-Developer-Target-Recruitment-HR-Solutions-Cairo-Egypt?o=22&l=sp&t=sj&a=python|search-v3|hpb|spbl
Data Engineer,Centro CDX -,5 days ago,"Maadi, Cairo, Egypt ",Full TimeExperienced · 3+ Yrs of Exp · IT/Software Development · Analyst/Research · Engineering - Telecom/Technology · Computer Engineering · Computer Science · Data · Database · Engineering · Information Technology (IT) · IT,/jobs/p/YgnlNerNUQml-Data-Engineer-Centro-CDX-Cairo-Egypt?o=23&l=sp&t=sj&a=python|search-v3|hpb|spbl
Sr. Backend/Database Engineer,Dar Al Handasah -,7 days ago,"Sheikh Zayed, Giza, Egypt ",Full TimeExperienced · 7 - 10 Yrs of Exp · IT/Software Development · Engineering - Telecom/Technology · Python · JavaScript · .Net · C# · VB.net · Java · SQL · PostgreSQL,/jobs/p/DYLgoCaWq8vT-Sr-BackendDatabase-Engineer-Dar-Al-Handasah-Giza-Egypt?o=24&l=sp&t=sj&a=python|search-v3|hpb|spbl
Sr. Data Analytics Engineer,Dar Al Handasah -,7 days ago,"Smart Village, Giza, Egypt ",Full TimeExperienced · 7 - 10 Yrs of Exp · IT/Software Development · Analyst/Research · Engineering - Telecom/Technology · Data Analysis · Database Development · DB Design · Dimensional Modeling · Python · SQL · PostgreSQL,/jobs/p/0n9YZy9gIosl-Sr-Data-Analytics-Engineer-Dar-Al-Handasah-Giza-Egypt?o=25&l=sp&t=sj&a=python|search-v3|hpb|spbl
Senior Full Stack Developer,Egyptian Medical Syndicates Union -,7 days ago,"Garden City, Cairo, Egypt ",Full TimeExperienced · 4+ Yrs of Exp · IT/Software Development · Engineering - Telecom/Technology · API · Computer Science · Development · Java · Linux · Programming · JavaScript · Software Development,/jobs/p/qAEcuqlu40lh-Senior-Full-Stack-Developer-Egyptian-Medical-Syndicates-Union-Cairo-Egypt?o=26&l=sp&t=sj&a=python|search-v3|hpb|spbl
Full Stack Developer,Egyptian Medical Syndicates Union -,7 days ago,"Garden City, Cairo, Egypt ",Full TimeExperienced · 2+ Yrs of Exp · IT/Software Development · Engineering - Telecom/Technology · API · Computer Science · Development · Java · Linux · Programming · JavaScript · Software Development,/jobs/p/CrdBULj7U8Rp-Full-Stack-Developer-Egyptian-Medical-Syndicates-Union-Cairo-Egypt?o=27&l=sp&t=sj&a=python|search-v3|hpb|spbl
Odoo Developer,classera -,14 days ago,"Cairo, Egypt ",Full TimeExperienced · 3+ Yrs of Exp · IT/Software Development · Engineering - Telecom/Technology · Programming · Computer Science · HTML · XML · jQuery · Odoo · PostgreSQL · JavaScript,/jobs/p/O4QkXOqIIJ3B-Odoo-Developer-classera-Cairo-Egypt?o=28&l=sp&t=sj&a=python|search-v3|hpb|spbl
DevOps Engineer (Remotely for USA),Mobile Wave 3 -,12 days ago,"Nasr City, Cairo, Egypt ",Full TimeExperienced · 6 - 15 Yrs of Exp · Installation/Maintenance/Repair · IT/Software Development · Engineering - Telecom/Technology · Cloud · Computer Science · DevOps · AWS · Information Technology (IT) · Java · Kubernetes,/jobs/p/4WZ4aYCHskVC-DevOps-Engineer-Remotely-for-USA-Mobile-Wave-3-Cairo-Egypt?o=29&l=sp&t=sj&a=python|search-v3|hpb|spbl
Senior .NET Full Stack Developer (.NET Core & Angular),Excel Systems   -,12 days ago,"Sheikh Zayed, Giza, Egypt ",Full TimeExperienced · 4+ Yrs of Exp · males_only · IT/Software Development · Engineering - Telecom/Technology · ASP.NET · ADO.NET · C#.Net · .NET · .NEt Full Stack Developer · Full Stack Developer · java · Python,/jobs/p/b7HavRTuH7Xc-Senior-NET-Full-Stack-Developer-NET-Core-Angular-Excel-Systems-Giza-Egypt?o=30&l=sp&t=sj&a=python|search-v3|hpb|spbl
R&D Software Engineer (RSDE-L2),TensorGraph -,7 days ago,"Maadi, Cairo, Egypt ",Full TimeExperienced · 2 - 4 Yrs of Exp · R&D/Science · IT/Software Development · Analyst/Research · Computer Science · Machine Learning · Computer Vision · C++ · C# · AWS · Algorithms,/jobs/p/0qQa4U8C6Ooi-RD-Software-Engineer-RSDE-L2-TensorGraph-Cairo-Egypt?o=31&l=sp&t=sj&a=python|search-v3|hpb|spbl
Front End Developer,Dafater -,13 days ago,"Nasr City, Cairo, Egypt ",Full TimeExperienced · 3+ Yrs of Exp · IT/Software Development · Engineering - Telecom/Technology · Front-End Development · OOP · JavaScript · Computer Science · Information Technology (IT) · Programming · Software Development · Vue,/jobs/p/JcN3rcvkSQ7h-Front-End-Developer-Dafater-Cairo-Egypt?o=32&l=sp&t=sj&a=python|search-v3|hpb|spbl
ERP Developer & Implementer,Mass -,13 days ago,"New Cairo, Cairo, Egypt ",Part TimeExperienced · 4 - 6 Yrs of Exp · males_only · IT/Software Development · Engineering - Telecom/Technology · Python · ERP · Software Development · Database · Communication · Information Technology (IT) · Telecom Engineering · Computer Science,/jobs/p/WW3njXYXj7un-ERP-Developer-Implementer-Mass-Cairo-Egypt?o=33&l=sp&t=sj&a=python|search-v3|hpb|spbl
Social Media Listening Analyst (SMMA),Confidential -,14 days ago,"Dokki, Giza, Egypt ",Full TimeExperienced · 3 - 5 Yrs of Exp · Marketing/PR/Advertising · Analyst/Research · Media/Journalism/Publishing · Analysis · Analytics · Digital Marketing · Marketing · Social Media · media · Data visualization,/jobs/p/odauymG4nUA9-Social-Media-Listening-Analyst-SMMA-Giza-Egypt?o=34&l=sp&t=sj&a=python|search-v3|hpb|spbl
Application Administrator,Egypt University of Informatics (EUI) -,14 days ago,"New Capital, Cairo, Egypt ",Full TimeExperienced · 2 - 3 Yrs of Exp · IT/Software Development · Engineering - Telecom/Technology · Database · AWS · Computer Science · Information Technology (IT) · Communication · JavaScript · ERP · Python,/jobs/p/qowuyuQ1bGXQ-Application-Administrator-Egypt-University-of-Informatics-EUI-Cairo-Egypt?o=35&l=sp&t=sj&a=python|search-v3|hpb|spbl
Software Tester,Etisalat Egypt -,11 days ago,"Maadi, Cairo, Egypt ",Full TimeExperienced · 2+ Yrs of Exp · IT/Software Development · Quality · Engineering - Telecom/Technology · Computer Science · Automation · Information Technology (IT) · Science · Design · Quality Control · Software,/jobs/p/qwUFf5pT1hRo-Software-Tester-Etisalat-Egypt-Cairo-Egypt?o=36&l=sp&t=sj&a=python|search-v3|hpb|spbl
Senior Odoo Developer,Peerless -,18 days ago,"Mohandessin, Giza, Egypt ",Full TimeExperienced · 3 - 5 Yrs of Exp · IT/Software Development · Engineering - Telecom/Technology · Odoo · PostgreSQL · jQuery · JavaScript · XML · HTML · Odoo Development · odoo migration,/jobs/p/0c4rUhZhSeaV-Senior-Odoo-Developer-Peerless-Giza-Egypt?o=37&l=sp&t=sj&a=python|search-v3|hpb|spbl
Linux System Administrator,OpenCode -,18 days ago,"Cairo, Egypt ",Full TimeExperienced · 2+ Yrs of Exp · Installation/Maintenance/Repair · IT/Software Development · Engineering - Telecom/Technology · Telecommunication · MNOs · VAS · SS7 · VXML · ISUP · MAP,/jobs/p/gxskrnqVOWkG-Linux-System-Administrator-OpenCode-Cairo-Egypt?o=38&l=sp&t=sj&a=python|search-v3|hpb|spbl
AWS Developer,Collars HR -,19 days ago,"New Cairo, Cairo, Egypt ",Full TimeExperienced · 6+ Yrs of Exp · IT/Software Development · Engineering - Telecom/Technology · AWS · Computer Science · Python · Software Development · SQL · JSON · REST · XML,/jobs/p/ACaiQgsVTLFX-AWS-Developer-Collars-HR-Cairo-Egypt?o=39&l=sp&t=sj&a=python|search-v3|hpb|spbl
Segmentations & Data Mining Senior Specialist,Etisalat Egypt -,19 days ago,"Cairo, Egypt ",Full TimeEntry Level · 1 - 4 Yrs of Exp · Marketing/PR/Advertising · Analyst/Research · Data · Data Mining · Computer Science · Information Technology (IT) · Python · Machine Learning · Power BI,/jobs/p/6y9iPo2Sa6R6-Segmentations-Data-Mining-Senior-Specialist-Etisalat-Egypt-Cairo-Egypt?o=40&l=sp&t=sj&a=python|search-v3|hpb|spbl
Odoo Developer - Kuwait,Furdtk -,23 days ago,"Kuwait City, Kuwait ",Full TimeExperienced · 2 - 5 Yrs of Exp · males_only · IT/Software Development · Engineering - Telecom/Technology · Information Technology (IT) · API · Odoo · Linux · Python · Computer Science · Design · HTML,/jobs/p/I6Z3me6vTeYw-Odoo-Developer---Kuwait-Furdtk-Kuwait-City-Kuwait?o=41&l=sp&t=sj&a=python|search-v3|hpb|spbl
DevOps Lead,Unifonic -,21 days ago,"Cairo, Egypt ",Full TimeWork From HomeManager · 5+ Yrs of Exp · IT/Software Development · Engineering - Telecom/Technology · Docker · DevOps · Kubernetes · AWS · CI/CD · Jenkins · Terraform · Agile,/jobs/p/abgHEb03Xa9g-DevOps-Lead-Unifonic-Cairo-Egypt?o=42&l=sp&t=sj&a=python|search-v3|hpb|spbl
Senior Data Scientist,Wakeb Data -,21 days ago,"Mohandessin, Giza, Egypt ",Full TimeExperienced · 3 - 5 Yrs of Exp · IT/Software Development · Engineering - Telecom/Technology · data scientist · Computer Science · SQL · Software Development · Data Science · Information Technology (IT) · Algorithms · Python,/jobs/p/EoqeMUGYN5D1-Senior-Data-Scientist-Wakeb-Data-Giza-Egypt?o=43&l=sp&t=sj&a=python|search-v3|hpb|spbl
PHP Backend Developer,Restart Technology -,21 days ago,"Heliopolis, Cairo, Egypt ",Full TimeExperienced · 3 - 6 Yrs of Exp · IT/Software Development · Engineering - Telecom/Technology · Computer Science · Software Development · laravel · Git · REST · Backend · MySQL · PHP,/jobs/p/nhkMI94ZD4Qt-PHP-Backend-Developer-Restart-Technology-Cairo-Egypt?o=44&l=sp&t=sj&a=python|search-v3|hpb|spbl
Junior Cloud Native & Infrastructure,BBI-Consultancy -,21 days ago,"Cairo, Egypt ",Full TimeEntry Level · 1 - 3 Yrs of Exp · IT/Software Development · Engineering - Telecom/Technology · Cloud · Computer Science · Docker · Python · MySQL,/jobs/p/5nTGgbwe5VwM-Junior-Cloud-Native-Infrastructure-BBI-Consultancy-Cairo-Egypt?o=45&l=sp&t=sj&a=python|search-v3|hpb|spbl
Devops Engineer,RMG -,21 days ago,"Riyadh, Saudi Arabia ",Freelance / ProjectExperienced · 4 - 6 Yrs of Exp · Installation/Maintenance/Repair · IT/Software Development · Engineering - Telecom/Technology · DevOps · Information Technology (IT) · AWS · Azure · Bash · Cloud · Computer Science,/jobs/p/U5EXRMQtLjkf-Devops-Engineer-RMG-Riyadh-Saudi-Arabia?o=46&l=sp&t=sj&a=python|search-v3|hpb|spbl
Ruby ON Rails Developer,Capella Solutions -,19 days ago,"Cairo, Egypt ",Full TimeWork From HomeExperienced · 3+ Yrs of Exp · IT/Software Development · Engineering - Telecom/Technology · Ruby · Rails · coding · Ruby on Rails · Software Development · Computer Engineering · Computer Science · English,/jobs/p/b01eomjph8Gi-Ruby-ON-Rails-Developer-Capella-Solutions-Cairo-Egypt?o=47&l=sp&t=sj&a=python|search-v3|hpb|spbl
Odoo Developer,Royal Herbs  -,25 days ago,"Haram, Giza, Egypt ",Full TimeExperienced · 3 - 7 Yrs of Exp · Installation/Maintenance/Repair · IT/Software Development · Engineering - Telecom/Technology · Information Technology (IT) · Computer Science · Database · Engineering · Odoo · Python · Software,/jobs/p/8UiMlGDd2uSf-Odoo-Developer-Royal-Herbs-Giza-Egypt?o=48&l=sp&t=sj&a=python|search-v3|hpb|spbl
DevOps Engineer,Luftborn -,26 days ago,"Heliopolis, Cairo, Egypt ",Full TimeExperienced · 2+ Yrs of Exp · Installation/Maintenance/Repair · IT/Software Development · Engineering - Telecom/Technology · Azure · DevOps · Network Security · AWS · Elasticsearch · Bash Scripting · Python Scripting,/jobs/p/DzFw0PM9Og5y-DevOps-Engineer-Luftborn-Cairo-Egypt?o=49&l=sp&t=sj&a=python|search-v3|hpb|spbl
Senior Computer Vision Engineer,Atomica -,21 days ago,"Cairo, Egypt ",Full TimeWork From HomeExperienced · 3+ Yrs of Exp · IT/Software Development · Engineering - Telecom/Technology · Computer Engineering · Mathematics · Software Development · Software Engineering · C++ · Git · Research · computer,/jobs/p/M7fjS8nyCB15-Senior-Computer-Vision-Engineer-Atomica-Cairo-Egypt?o=50&l=sp&t=sj&a=python|search-v3|hpb|spbl
Software Automation Testing Engineer,Confidential -,27 days ago,"Maadi, Cairo, Egypt ",Full TimeWork From HomeExperienced · 2 - 6 Yrs of Exp · IT/Software Development · Quality · Engineering - Telecom/Technology · Computer Science · Automation Testing · ISTQB · Testing · Information Technology (IT) · English · Quality Assurance,/jobs/p/pbOCpj7iHaVy-Software-Automation-Testing-Engineer-Cairo-Egypt?o=51&l=sp&t=sj&a=python|search-v3|hpb|spbl
Linux System Administrator,Softxpert Incorporation  -,26 days ago,"Alexandria, Egypt ",Full TimeExperienced · 2 - 4 Yrs of Exp · Administration · IT/Software Development · Engineering - Telecom/Technology · Administration · Linux · Engineering · Security · System Administration · AWS · Computer Science,/jobs/p/v3cWKWWgMOJJ-Linux-System-Administrator-Softxpert-Incorporation-Alexandria-Egypt?o=52&l=sp&t=sj&a=python|search-v3|hpb|spbl
Data Analytics Engineer,Dar Al Handasah -,26 days ago,"Smart Village, Giza, Egypt ",Full TimeExperienced · 3 - 5 Yrs of Exp · IT/Software Development · Engineering - Telecom/Technology · sql · PostgreSQL · Python · BI · Linux · Database · Thingsboard · IOT,/jobs/p/qrvyUBYzpj5p-Data-Analytics-Engineer-Dar-Al-Handasah-Giza-Egypt?o=53&l=sp&t=sj&a=python|search-v3|hpb|spbl
Backend Developer,Dar Al Handasah -,26 days ago,"Smart Village, Giza, Egypt ",Full TimeExperienced · 3 - 5 Yrs of Exp · IT/Software Development · Engineering - Telecom/Technology · Python · .Net · SQL · JavaScript · VB.net · Power BI · Azure · Thingsboard,/jobs/p/5IvCXdR4CIlS-Backend-Developer-Dar-Al-Handasah-Giza-Egypt?o=54&l=sp&t=sj&a=python|search-v3|hpb|spbl
Senior Machine learning Engineer,Botit -,26 days ago,"Abdeen, Cairo, Egypt ",Full TimeExperienced · 3 - 7 Yrs of Exp · IT/Software Development · Engineering - Telecom/Technology · Machine Learning · Python · NLP · Software · Research · Git · Algorithms · Statistics,/jobs/p/71X8xvySx9KF-Senior-Machine-learning-Engineer-Botit-Cairo-Egypt?o=55&l=sp&t=sj&a=python|search-v3|hpb|spbl
Embedded Linux Software Engineer,Centro CDX -,27 days ago,"Cairo, Egypt ",Full TimeExperienced · 3 - 5 Yrs of Exp · IT/Software Development · Quality · Engineering - Telecom/Technology · Computer Engineering · Computer Science · Python · Linux · Information Technology (IT) · Agile · Git,/jobs/p/qIrpRSavBmlC-Embedded-Linux-Software-Engineer-Centro-CDX-Cairo-Egypt?o=56&l=sp&t=sj&a=python|search-v3|hpb|spbl
Odoo Developer,Al Aliaa  -,27 days ago,"Mohandessin, Giza, Egypt ",Full TimeExperienced · 3 - 6 Yrs of Exp · IT/Software Development · Engineering - Telecom/Technology · Odoo · JavaScript · Computer Science · Information Technology (IT) · PostgreSQL · HTML · Python · CSS,/jobs/p/X8gPaQ7Wv3bO-Odoo-Developer-Al-Aliaa-Giza-Egypt?o=57&l=sp&t=sj&a=python|search-v3|hpb|spbl
Senior Software Engineer - Backend (Remotely),SSC Egypt -,27 days ago,"Cairo, Egypt ",Full TimeWork From HomeExperienced · 3 - 4 Yrs of Exp · IT/Software Development · Engineering - Telecom/Technology · coding · Computer Science · Java · JavaScript · Python · Software Development · Jenkins · MongoDB,/jobs/p/H3xVUuwBHx0r-Senior-Software-Engineer---Backend-Remotely-SSC-Egypt-Cairo-Egypt?o=58&l=sp&t=sj&a=python|search-v3|hpb|spbl
Senior Odoo Developer - Cairo,etmana -,27 days ago,"Nasr City, Cairo, Egypt ",Full TimeExperienced · 4 - 6 Yrs of Exp · IT/Software Development · Engineering - Telecom/Technology · Startup · Odoo Development · Computer Engineering · Computer Science · Odoo Framework · Python · Linux · OpenERP,/jobs/p/Gmfaz116yg6c-Senior-Odoo-Developer---Cairo-etmana-Cairo-Egypt?o=59&l=sp&t=sj&a=python|search-v3|hpb|spbl
Senior Computer Vision Engineer,wobot.ai -,25 days ago,"New Delhi, India ",Full TimeWork From HomeSenior Management · 3 - 6 Yrs of Exp · IT/Software Development · Engineering - Telecom/Technology · TensorFlow · Python · PyTorch · CNN · yolo · Computer Vision · Deep Learning · Video Intelligence,/jobs/p/ZRkuYvC25umo-Senior-Computer-Vision-Engineer-wobot-ai-New-Delhi-India?o=60&l=sp&t=sj&a=python|search-v3|hpb|spbl
UI Developer,NOK for Human Capital Solutions -,28 days ago,"New Cairo, Cairo, Egypt ",Full TimeExperienced · 5+ Yrs of Exp · Creative/Design/Art · IT/Software Development · Angular Js · Python · oracle · SQL · Spring Boot · Computer Science · Angular · Information Technology (IT),/jobs/p/COBmpalH33jU-UI-Developer-NOK-for-Human-Capital-Solutions-Cairo-Egypt?o=61&l=sp&t=sj&a=python|search-v3|hpb|spbl
AI/ML (Artificial Intelligence/Machine Learning) Lead,SURE International Technology -,28 days ago,"Cairo, Egypt ",Full TimeManager · 5+ Yrs of Exp · IT/Software Development · Operations/Management · Engineering - Telecom/Technology · Computer Science · Python · Artificial Intelligence · AI · Machine Learning · Engineering · Azure,/jobs/p/O9CVoliDvZQz-AIML-Artificial-IntelligenceMachine-Learning-Lead-SURE-International-Technology-Cairo-Egypt?o=62&l=sp&t=sj&a=python|search-v3|hpb|spbl
DevOps Engineer/Senior Engineer,ITS  -,28 days ago,"Cairo, Egypt ",Full TimeExperienced · 3 - 6 Yrs of Exp · IT/Software Development · Engineering - Telecom/Technology · Computer Science · Docker · Engineering · Git · Information Technology (IT) · Java · JavaScript · Kubernetes,/jobs/p/CvJkU5B2TRfA-DevOps-EngineerSenior-Engineer-ITS-Cairo-Egypt?o=63&l=sp&t=sj&a=python|search-v3|hpb|spbl
Devops Engineer,Kashier Payment Solutions -,28 days ago,"Zamalek, Cairo, Egypt ",Full TimeExperienced · 3+ Yrs of Exp · IT/Software Development · Engineering - Telecom/Technology · Computer Science · Information Technology (IT) · DevOps · Software Development · Python · Agile · AWS · Automation,/jobs/p/SmHpaFLHR5Zx-Devops-Engineer-Kashier-Payment-Solutions-Cairo-Egypt?o=64&l=sp&t=sj&a=python|search-v3|hpb|spbl
DevOps Senior Engineer,ITS  -,28 days ago,"Cairo, Egypt ",Full TimeExperienced · 4 - 6 Yrs of Exp · IT/Software Development · Engineering - Telecom/Technology · DevOps · Agile · Python · Kubernetes · Docker · Computer Science · Information Technology (IT),/jobs/p/iwGXfbHsLP4l-DevOps-Senior-Engineer-ITS-Cairo-Egypt?o=65&l=sp&t=sj&a=python|search-v3|hpb|spbl
Devops Engineer - Software Development,Rasan -,28 days ago,"Nasr City, Cairo, Egypt ",Full TimeExperienced · 4 - 10 Yrs of Exp · IT/Software Development · Engineering - Telecom/Technology · Agile · AWS · Computer Science · DevOps · Docker · Engineering · Information Technology (IT) · Java,/jobs/p/oMAuh7fV7CTx-Devops-Engineer---Software-Development-Rasan-Cairo-Egypt?o=66&l=sp&t=sj&a=python|search-v3|hpb|spbl
Backend Developer,Khales -,28 days ago,"Giza, Egypt ",Full TimeExperienced · 3 - 5 Yrs of Exp · IT/Software Development · Engineering - Telecom/Technology · back-end · Agile · Python · API · Java · Web Development · Development · Bootstrap,/jobs/p/Qgn5XFNG0cX9-Backend-Developer-Khales-Giza-Egypt?o=67&l=sp&t=sj&a=python|search-v3|hpb|spbl
Odoo Developer,Isky Development -,1 month ago,"6th of October, Giza, Egypt ",Full TimeEntry Level · 1 - 3 Yrs of Exp · IT/Software Development · Engineering - Telecom/Technology · Computer Science · Information Technology (IT) · jQuery · Odoo · Python · Programming · PostgreSQL · XML,/jobs/p/B1xogYzy2uyt-Odoo-Developer-Isky-Development-Giza-Egypt?o=68&l=sp&t=sj&a=python|search-v3|hpb|spbl
System Engineer,Link Datacenter -,1 month ago,"Giza, Egypt ",Full TimeEntry Level · 1 - 3 Yrs of Exp · Installation/Maintenance/Repair · IT/Software Development · Engineering - Telecom/Technology · Computer Engineering · Computer Science · Engineering · English · Information Technology (IT) · Linux · MySQL,/jobs/p/NJ3GwQKh8YMG-System-Engineer-Link-Datacenter-Giza-Egypt?o=69&l=sp&t=sj&a=python|search-v3|hpb|spbl
Senior Software Engineer - Alexandria,Softxpert Incorporation  -,1 month ago,"Alexandria, Egypt ",Full TimeExperienced · 2 - 7 Yrs of Exp · IT/Software Development · Engineering - Telecom/Technology · PHP · Computer Science · Computer Engineering · PHP Development · Information Technology (IT) · Engineering · Software Development · Software Engineering,/jobs/p/o8llxj3uR96X-Senior-Software-Engineer---Alexandria-Softxpert-Incorporation-Alexandria-Egypt?o=70&l=sp&t=sj&a=python|search-v3|hpb|spbl
"Senior C++ Software Developer, Remote Egypt",Luxoft (A DXC Technology Company) -,1 month ago,"Cairo, Egypt ",Full TimeExperienced · 5+ Yrs of Exp · IT/Software Development · Engineering - Telecom/Technology · Agile · API · Architecture · C++ · Computer Science · Design · Git · Information Technology (IT),/jobs/p/NZmUqlRm8f8j-Senior-C-Software-Developer-Remote-Egypt-Luxoft-A-DXC-Technology-Company-Cairo-Egypt?o=71&l=sp&t=sj&a=python|search-v3|hpb|spbl
Data Scientist “Mathematics/Physics”,Dafa -,1 month ago,"Cairo, Egypt ",Full TimeExperienced · 7 - 10 Yrs of Exp · IT/Software Development · Engineering - Telecom/Technology · Business Objects · Computer Science · D3 · Data Mining · Gurobi · Information Technology (IT) · Mathematics · Python,/jobs/p/bRZ7uIbexSQa-Data-Scientist-“MathematicsPhysics”-Dafa-Cairo-Egypt?o=72&l=sp&t=sj&a=python|search-v3|hpb|spbl
Cloud Solution Engineer - R&D,Link Datacenter -,1 month ago,"Giza, Egypt ",Full TimeExperienced · 2 - 4 Yrs of Exp · Installation/Maintenance/Repair · IT/Software Development · Engineering - Telecom/Technology · Azure · Cloud · Computer Engineering · Computer Science · Docker · Engineering · Information Technology (IT),/jobs/p/ORsKVUR16qTo-Cloud-Solution-Engineer---RD-Link-Datacenter-Giza-Egypt?o=73&l=sp&t=sj&a=python|search-v3|hpb|spbl
Odoo Developer,Alarabia Group -,1 month ago,"10th of Ramadan City, Cairo, Egypt ",Full TimeExperienced · 2 - 6 Yrs of Exp · Installation/Maintenance/Repair · IT/Software Development · Engineering - Telecom/Technology · Computer Engineering · Computer Science · Engineering · Git · HTML · Information Technology (IT) · CSS,/jobs/p/9eqZpHqQmiHl-Odoo-Developer-Alarabia-Group-Cairo-Egypt?o=74&l=sp&t=sj&a=python|search-v3|hpb|spbl
DevOps Java Developer,Ejada (Cairo) -,1 month ago,"Cairo, Egypt ",Full TimeExperienced · 4 - 8 Yrs of Exp · IT/Software Development · Engineering - Telecom/Technology · AWS · Java · DevOps · Docker · Hibernate · Git · J2EE · Python,/jobs/p/3U8oVi5w3b9Y-DevOps-Java-Developer-Ejada-Cairo-Cairo-Egypt?o=75&l=sp&t=sj&a=python|search-v3|hpb|spbl
IT Applications Engineer,Marakez -,1 month ago,"New Cairo, Cairo, Egypt ",Full TimeEntry Level · 1 - 3 Yrs of Exp · IT/Software Development · Engineering - Telecom/Technology · Engineering · Information Technology (IT) · Computer Science · PHP · Microsoft Office · Linux · Java · Python,/jobs/p/9ElQyPBVZA4b-IT-Applications-Engineer-Marakez-Cairo-Egypt?o=76&l=sp&t=sj&a=python|search-v3|hpb|spbl
Senior Full Stack Developer,Dafater -,2 months ago,"Nasr City, Cairo, Egypt ",Full TimeWork From HomeExperienced · 2 - 4 Yrs of Exp · IT/Software Development · Engineering - Telecom/Technology · Information Technology (IT) · Computer Science · Software Development · Software Engineering · Software · CSS · HTML · javaScript,/jobs/p/3irk407SkgH9-Senior-Full-Stack-Developer-Dafater-Cairo-Egypt?o=77&l=sp&t=sj&a=python|search-v3|hpb|spbl
Senior C++ Software Developer,Luxoft (A DXC Technology Company) -,1 month ago,"Cairo, Egypt ",Full TimeWork From HomeExperienced · 6 - 20 Yrs of Exp · IT/Software Development · Engineering - Telecom/Technology · C++ · OOP · Communication skills · Computer Science · Information Technology (IT) · Engineering · Software Development · Software Engineering,/jobs/p/oguf9nA5ux2T-Senior-C-Software-Developer-Luxoft-A-DXC-Technology-Company-Cairo-Egypt?o=78&l=sp&t=sj&a=python|search-v3|hpb|spbl
Senior Odoo Developer,etmana -,2 months ago,"Katameya, Cairo, Egypt ",Full TimeExperienced · 3 - 7 Yrs of Exp · Installation/Maintenance/Repair · IT/Software Development · Engineering - Telecom/Technology · Computer Science · Odoo · Programming · Framework · application · Software Engineering · Software Development,/jobs/p/df11w5J7MiU4-Senior-Odoo-Developer-etmana-Cairo-Egypt?o=79&l=sp&t=sj&a=python|search-v3|hpb|spbl
Senior Full Stack Team Lead / Tech Lead,Salem Capital -,2 months ago,"New Cairo, Cairo, Egypt ",Full TimeExperienced · 5 - 8 Yrs of Exp · IT/Software Development · Operations/Management · Engineering - Telecom/Technology · Computer Science · HTML · Information Technology (IT) · JavaScript · MongoDB · Software Development · Angular,/jobs/p/N9Bu6PAa2h6V-Senior-Full-Stack-Team-Lead-Tech-Lead-Salem-Capital-Cairo-Egypt?o=80&l=sp&t=sj&a=python|search-v3|hpb|spbl
Site Reliability Engineer (SRE),Qoyod -,2 months ago,"Cairo, Egypt ",Full TimeExperienced · 5+ Yrs of Exp · Installation/Maintenance/Repair · IT/Software Development · Engineering - Telecom/Technology · Docker · AWS · Infrastructure · SaaS · Kubernetes · Python · Shell Scripting,/jobs/p/3x9wEPJKUzxF-Site-Reliability-Engineer-SRE-Qoyod-Cairo-Egypt?o=81&l=sp&t=sj&a=python|search-v3|hpb|spbl
Test Automation Engineer,Ejada (Cairo) -,2 months ago,"Cairo, Egypt ",Full TimeExperienced · 6+ Yrs of Exp · IT/Software Development · Engineering - Telecom/Technology · Java · TFS · Jira · Testing · JMeter · Appium · Python · Jenkins,/jobs/p/Xlj1GgIbTOOn-Test-Automation-Engineer-Ejada-Cairo-Cairo-Egypt?o=82&l=sp&t=sj&a=python|search-v3|hpb|spbl
Software Engineer (Ruby On Rails),Qoyod -,2 months ago,"Cairo, Egypt ",Full TimeExperienced · 5+ Yrs of Exp · IT/Software Development · Engineering - Telecom/Technology · Computer Science · Ruby on Rails · Information Technology (IT) · Engineering · Ruby · Software Development · HTML5 · MVC,/jobs/p/gk8tab2LxKRm-Software-Engineer-Ruby-On-Rails-Qoyod-Cairo-Egypt?o=83&l=sp&t=sj&a=python|search-v3|hpb|spbl
Software Engineer,Tam Development LLC -,2 months ago,"Riyadh, Saudi Arabia ",Full TimePart TimeWork From HomeExperienced · 5+ Yrs of Exp · IT/Software Development · Engineering - Telecom/Technology · Computer Science · engineer · Information Technology (IT) · Software Development · Software Engineering · Software engineer · Software · Python,/jobs/p/o9OASkiHRSKK-Software-Engineer-Tam-Development-LLC-Riyadh-Saudi-Arabia?o=84&l=sp&t=sj&a=python|search-v3|hpb|spbl
Senior System & Network Admin,Cashcall -,2 months ago,"Maadi, Cairo, Egypt ",Full TimeExperienced · 2+ Yrs of Exp · Installation/Maintenance/Repair · IT/Software Development · Engineering - Telecom/Technology · Computer Science · IT · Networking · Information Technology (IT) · System Administration · Maintenance · Python,/jobs/p/wPBhLPflod73-Senior-System-Network-Admin-Cashcall-Cairo-Egypt?o=85&l=sp&t=sj&a=python|search-v3|hpb|spbl
Senior Software Developer,Sceel.io -,2 months ago,"Maadi, Cairo, Egypt ",Full TimeExperienced · 3 - 7 Yrs of Exp · IT/Software Development · Engineering - Telecom/Technology · CI/CD · Agile · DevOps · English · Python · REST · Software Development · Testing,/jobs/p/RJhYyffElQZX-Senior-Software-Developer-Sceel-io-Cairo-Egypt?o=86&l=sp&t=sj&a=python|search-v3|hpb|spbl
Senior Data Scientist,Fixed Solutions -,2 months ago,"Sheraton, Cairo, Egypt ",Full TimeExperienced · 5+ Yrs of Exp · IT/Software Development · Engineering - Telecom/Technology · Analysis · APIs · Computer Science · Engineering · Information Technology (IT) · Java · Programming · Software,/jobs/p/PVAeMhWwvA6Q-Senior-Data-Scientist-Fixed-Solutions-Cairo-Egypt?o=87&l=sp&t=sj&a=python|search-v3|hpb|spbl
Senior Devops Engineer,Trufla -,2 months ago,"Heliopolis, Cairo, Egypt ",Full TimeExperienced · 4+ Yrs of Exp · IT/Software Development · Engineering - Telecom/Technology · AWS · Azure · Cloud · Computer Science · Docker · Engineering · Information Technology (IT) · Linux,/jobs/p/rdDBRL5vRoBQ-Senior-Devops-Engineer-Trufla-Cairo-Egypt?o=88&l=sp&t=sj&a=python|search-v3|hpb|spbl
DevOps Team Lead,Trufla -,2 months ago,"Heliopolis, Cairo, Egypt ",Full TimeManager · 4+ Yrs of Exp · IT/Software Development · Engineering - Telecom/Technology · AWS · Azure · Docker · MySQL · Python · Software Engineering · Information Technology (IT) · Linux,/jobs/p/sj0SjweGn9TS-DevOps-Team-Lead-Trufla-Cairo-Egypt?o=89&l=sp&t=sj&a=python|search-v3|hpb|spbl
Senior Infrastructure/Systems Engineer,BBI-Consultancy -,2 months ago,"Nasr City, Cairo, Egypt ",Full TimeExperienced · 4 - 6 Yrs of Exp · Installation/Maintenance/Repair · IT/Software Development · Engineering - Telecom/Technology · AWS · Computer Engineering · Infrastructure · Installation · Linux · MySQL · Python,/jobs/p/mMSBRyLbsRiV-Senior-InfrastructureSystems-Engineer-BBI-Consultancy-Cairo-Egypt?o=90&l=sp&t=sj&a=python|search-v3|hpb|spbl
Senior Backend Engineer,LxT -,12 minutes ago,"Mohandessin, Giza, Egypt ",Full TimeExperienced · 3 - 5 Yrs of Exp · IT/Software Development · Engineering - Telecom/Technology · Docker · Python · Programming · Software Development · Testing · Agile · AWS Cloud · Flask,/jobs/p/UMsxtdDfJgta-Senior-Backend-Engineer-LxT-Giza-Egypt?o=91&l=sp&t=sj&a=python|search-v3|hpb|spbl
Senior Full Stack Developer,Sword Egypt -,3 days ago,"Maadi, Cairo, Egypt ",Full TimeWork From HomeExperienced · 4 - 6 Yrs of Exp · IT/Software Development · Engineering - Telecom/Technology · Development · Software Development · Information Technology (IT) · JavaScript · English · Python · React · Docker,/jobs/p/OTugnHbSfuks-Senior-Full-Stack-Developer-Sword-Egypt-Cairo-Egypt?o=92&l=sp&t=sj&a=python|search-v3|hpb|spbl
Senior Lead DevOps,Al Beshara -,2 months ago,"Nasr City, Cairo, Egypt ",Full TimeManager · 4+ Yrs of Exp · IT/Software Development · Engineering - Telecom/Technology · Agile · Computer Engineering · Computer Science · DevOps · Engineering · Software Development · Information Technology (IT) · Java,/jobs/p/XSlQ8Dix7ojy-Senior-Lead-DevOps-Al-Beshara-Cairo-Egypt?o=93&l=sp&t=sj&a=python|search-v3|hpb|spbl
Backend Developer,YDS yasar digital services  -,2 months ago,"Nasr City, Cairo, Egypt ",Full TimeExperienced · 2+ Yrs of Exp · IT/Software Development · Engineering - Telecom/Technology · backend · Computer Science · Information Technology (IT) · Programming · Python · Software Development · Software Engineering · SQL,/jobs/p/Sye7bfr9SuV2-Backend-Developer-YDS-yasar-digital-services-Cairo-Egypt?o=94&l=sp&t=sj&a=python|search-v3|hpb|spbl
Reporting Engineer,Egybell -,2 months ago,"Cairo, Egypt ",Full TimeExperienced · 2 - 5 Yrs of Exp · Analyst/Research · Engineering - Telecom/Technology · Electronics Engineering · Electronic Engineering · Telecommunication Engineering · Communication Engineering · Telecom Engineering · Network Engineering · Communication · Information Technology (IT),/jobs/p/RJQOvYrc3m30-Reporting-Engineer-Egybell-Cairo-Egypt?o=95&l=sp&t=sj&a=python|search-v3|hpb|spbl
Odoo Developer,Roayadm -,2 months ago,"Alexandria, Egypt ",Full TimeExperienced · 3 - 5 Yrs of Exp · Installation/Maintenance/Repair · IT/Software Development · Engineering - Telecom/Technology · Odoo · Odoo Development · Odoo ERP · Python · python development · Computer Science · Information Technology (IT),/jobs/p/FqVd92gRhJtO-Odoo-Developer-Roayadm-Alexandria-Egypt?o=96&l=sp&t=sj&a=python|search-v3|hpb|spbl
System Engineer,Confidential -,2 months ago,"Dokki, Giza, Egypt ",Full TimeExperienced · 2 - 5 Yrs of Exp · IT/Software Development · Engineering - Telecom/Technology · Information Technology (IT) · Computer · Installation · Media · Computer Science · Java · Python · PHP,/jobs/p/p7xjeeAqCh1u-System-Engineer-Giza-Egypt?o=97&l=sp&t=sj&a=python|search-v3|hpb|spbl
Digital Design Engineer, Si-Vision -,2 months ago,"Sheraton, Cairo, Egypt ",Full TimeEntry Level · 0 - 3 Yrs of Exp · Creative/Design/Art · Engineering - Mechanical/Electrical · Engineering · Telecommunication · Electronics Engineering · HDL · Digital Design · Verilog · VHDL · CMOS,/jobs/p/bKiukssVlHzI-Digital-Design-Engineer-Si-Vision-Cairo-Egypt?o=98&l=sp&t=sj&a=python|search-v3|hpb|spbl
Odoo Developer - ERP,Confidential -,2 months ago,"Mokattam, Cairo, Egypt ",Full TimeExperienced · 2 - 3 Yrs of Exp · IT/Software Development · Engineering - Telecom/Technology · Computer Science · Development · Information Technology (IT) · Odoo · Odoo Development · Python,/jobs/p/ZC8pgKngK2qq-Odoo-Developer---ERP-Cairo-Egypt?o=99&l=sp&t=sj&a=python|search-v3|hpb|spbl
ERP (Odoo) / IT Specialist,Confidential -,2 months ago,"Mohandessin, Giza, Egypt ",Full TimeExperienced · 5 - 7 Yrs of Exp · IT/Software Development · Engineering - Telecom/Technology · ERP · Finance · Python · Programming · Accounting · Information Technology (IT) · Computer Science · Computer Engineering,/jobs/p/RWpJT5SzYrnZ-ERP-Odoo-IT-Specialist-Giza-Egypt?o=100&l=sp&t=sj&a=python|search-v3|hpb|spbl
Full Stack Web Developer -E Commerce Technical Manager,Confidential -,2 months ago,"Nasr City, Cairo, Egypt ",Full TimeManager · 5 - 8 Yrs of Exp · IT/Software Development · Engineering - Telecom/Technology · Computer Science · JavaScript · MongoDB · MySQL · HTML · CSS · E-Commerce · back-end website ,/jobs/p/q6WxlzYhj8VX-Full-Stack-Web-Developer--E-Commerce-Technical-Manager-Cairo-Egypt?o=101&l=sp&t=sj&a=python|search-v3|hpb|spbl
Senior Data Scientist,BBI-Consultancy -,2 months ago,"Nasr City, Cairo, Egypt ",Full TimeExperienced · 3 - 5 Yrs of Exp · IT/Software Development · Analyst/Research · Engineering - Telecom/Technology · Computer Science · Data · Data Science · data scientist · Information Technology (IT) · Python · Statistics,/jobs/p/jX5wf4UC6hGY-Senior-Data-Scientist-BBI-Consultancy-Cairo-Egypt?o=102&l=sp&t=sj&a=python|search-v3|hpb|spbl
Power BI Developer,Sutherland -,2 months ago,"Alexandria, Egypt ",Full TimeWork From HomeExperienced · 5 - 10 Yrs of Exp · IT/Software Development · Analyst/Research · Engineering - Telecom/Technology · Business Intelligence · DAX · Power BI · SQL · BI · Data Warehousing · Python,/jobs/p/ChZqSmbjw5i9-Power-BI-Developer-Sutherland-Alexandria-Egypt?o=103&l=sp&t=sj&a=python|search-v3|hpb|spbl
Senior Technical Consulting Specialist (Cloud DevOps),Alnafitha -,2 months ago,"Cairo, Egypt ",Full TimeExperienced · 7+ Yrs of Exp · IT/Software Development · Engineering - Telecom/Technology · MCSE · Computer Science · ITIL · Azure DevOps Server · AWS · Information Technology (IT) · Maintenance · Microsoft,/jobs/p/qrWBKs8Vw5wH-Senior-Technical-Consulting-Specialist-Cloud-DevOps-Alnafitha-Cairo-Egypt?o=104&l=sp&t=sj&a=python|search-v3|hpb|spbl
MIS Specialist,Etisalat Egypt -,2 months ago,"Maadi, Cairo, Egypt ",Full TimeEntry Level · 1 - 2 Yrs of Exp · IT/Software Development · Operations/Management · Engineering - Telecom/Technology · workforce · MIS · Call Center · Business Administration · Computer Science,/jobs/p/6Uzg7zong0qb-MIS-Specialist-Etisalat-Egypt-Cairo-Egypt?o=105&l=sp&t=sj&a=python|search-v3|hpb|spbl
Computer Vision Engineer,Edentech -,6 days ago,"Cairo, Egypt ",Full TimeExperienced · 4 - 9 Yrs of Exp · IT/Software Development · Analyst/Research · Engineering - Telecom/Technology · computer · Computer Engineering · Computer Science · Engineering · Information Technology (IT) · Git · Software Development,/jobs/p/RaI3XrJXdV83-Computer-Vision-Engineer-Edentech-Cairo-Egypt?o=106&l=sp&t=sj&a=python|search-v3|hpb|spbl
Front End Developer,BLTHANIH LTD. -,6 days ago,"Cairo, Egypt ",Full TimeSenior Management · 3 - 5 Yrs of Exp · IT/Software Development · React Native · React · React.js · React js · Front · Front end developer · Front end · Software Development,/jobs/p/soDSzA3ySNee-Front-End-Developer-BLTHANIH-LTD-Cairo-Egypt?o=107&l=sp&t=sj&a=python|search-v3|hpb|spbl
IT Specialist,Egypro FME -,7 days ago,"Maadi, Cairo, Egypt ",Full TimeExperienced · 4 - 6 Yrs of Exp · Installation/Maintenance/Repair · IT/Software Development · Engineering - Telecom/Technology · Computer Science · Information Systems · Information Technology (IT) · Communication skills · English,/jobs/p/lFY3YWTDKY9j-IT-Specialist-Egypro-FME-Cairo-Egypt?o=108&l=sp&t=sj&a=python|search-v3|hpb|spbl
Full Stack Developer,RAQAMYAT -,4 days ago,"Maadi, Cairo, Egypt ",Full TimeExperienced · 4+ Yrs of Exp · IT/Software Development · Engineering - Telecom/Technology · Full Stack · Angular · PHP · Laravel · HTML · CSS · Engineering · Computer Science,/jobs/p/nKYxvzOYTXVx-Full-Stack-Developer-RAQAMYAT-Cairo-Egypt?o=109&l=sp&t=sj&a=python|search-v3|hpb|spbl
BI Developer,Centro CDX -,4 days ago,"Maadi, Cairo, Egypt ",Full TimeEntry Level · 1 - 2 Yrs of Exp · IT/Software Development · Analyst/Research · Engineering - Telecom/Technology · Analysis · Computer Science · BI · Data Warehouse · Development · Information Technology (IT) · OLAP,/jobs/p/ebeiJ3pHjp6I-BI-Developer-Centro-CDX-Cairo-Egypt?o=110&l=sp&t=sj&a=python|search-v3|hpb|spbl
BI Team Leader,Dataplus information systems -,6 days ago,"Cairo, Egypt ",Full TimeManager · 5 - 7 Yrs of Exp · IT/Software Development · Engineering - Telecom/Technology · Communication skills · Management · SQL · Tableau · Information Technology (IT) · Team Leadership,/jobs/p/39qNzX2TA5rh-BI-Team-Leader-Dataplus-information-systems-Cairo-Egypt?o=111&l=sp&t=sj&a=python|search-v3|hpb|spbl
Product Enablement Manager,Dafater -,12 days ago,"Nasr City, Cairo, Egypt ",Full TimeManager · 5+ Yrs of Exp · IT/Software Development · Project/Program Management · Engineering - Telecom/Technology · Engineering · Computer Science · Computer Engineering · Information Technology (IT) · Product Management · SaaS · Management,/jobs/p/9n1YIpueDTta-Product-Enablement-Manager-Dafater-Cairo-Egypt?o=112&l=sp&t=sj&a=python|search-v3|hpb|spbl
Senior Backend Developer (.net),Dafater -,13 days ago,"Nasr City, Cairo, Egypt ",Full TimeExperienced · 3 - 5 Yrs of Exp · IT/Software Development · Engineering - Telecom/Technology · Computer Science · CSS · Git · HTML · Information Technology (IT) · jQuery · MySQL · Software,/jobs/p/XNbFF5fcTdul-Senior-Backend-Developer-net-Dafater-Cairo-Egypt?o=113&l=sp&t=sj&a=python|search-v3|hpb|spbl
PHP Web Developer,(MSA) October University -,24 days ago,"6th of October, Giza, Egypt ",Full TimeExperienced · 4 - 6 Yrs of Exp · IT/Software Development · Engineering - Telecom/Technology · Computer Engineering · Computer Science · HTML5 · JavaScript · CSS3 · Web Development · PHP · Laravel,/jobs/p/pncuqKPiAUDf-PHP-Web-Developer-MSA-October-University-Giza-Egypt?o=114&l=sp&t=sj&a=python|search-v3|hpb|spbl
Devops Engineer,Confidential -,25 days ago,"Nasr City, Cairo, Egypt ",Full TimeExperienced · 7 - 10 Yrs of Exp · IT/Software Development · Engineering - Telecom/Technology · Information Technology (IT) · Software Development · DevOps · Devops Engineer · Git · Software Engineering · Computer Science · Applications,/jobs/p/aC7DANwutpAZ-Devops-Engineer-Cairo-Egypt?o=115&l=sp&t=sj&a=python|search-v3|hpb|spbl
Devops Engineer,Fawry for Banking Technology and Electronic Payments S.A.E -,26 days ago,"Giza, Egypt ",Full TimeExperienced · 3 - 5 Yrs of Exp · IT/Software Development · Engineering - Telecom/Technology · DevOps · Computer Science · Engineering · Software Development · Information Technology (IT) · Computer Engineering · Lunix · Git,/jobs/p/p4m8uMCuHb4Q-Devops-Engineer-Fawry-for-Banking-Technology-and-Electronic-Payments-S-A-E-Giza-Egypt?o=116&l=sp&t=sj&a=python|search-v3|hpb|spbl
Senior Data Analyst,Shiny White Dental Center  -,26 days ago,"Heliopolis, Cairo, Egypt ",Full TimeExperienced · 2 - 4 Yrs of Exp · IT/Software Development · Analyst/Research · Analysis · SQL · Powerbi · Statistics · Data Analysis · Data · Science · Information Technology (IT),/jobs/p/N0SUJAuJE5Y6-Senior-Data-Analyst-Shiny-White-Dental-Center-Cairo-Egypt?o=117&l=sp&t=sj&a=python|search-v3|hpb|spbl
Front End Developer,RAQAMYAT -,28 days ago,"Maadi, Cairo, Egypt ",Full TimeExperienced · 4+ Yrs of Exp · IT/Software Development · Engineering - Telecom/Technology · front-end · Computer Science · CSS · CSS3 · Angular · Engineering · Git · HTML,/jobs/p/CTPanoqV7A1a-Front-End-Developer-RAQAMYAT-Cairo-Egypt?o=118&l=sp&t=sj&a=python|search-v3|hpb|spbl
Embedded System Engineer,El-Sewedy Electrometer -,13 days ago,"6th of October, Giza, Egypt ",InternshipEntry Level · IT/Software Development · Engineering - Telecom/Technology · C · C++ · Communication · Information Technology (IT) · Software Engineering · Embedded Systems · Firmware · Development,/internship/PfjVE7lStp6s-Embedded-System-Engineer-El-Sewedy-Electrometer-Giza-Egypt?o=119&l=sp&t=sj&a=python|search-v3|hpb|spbl
Software Quality Control Engineer,Kashier Payment Solutions -,1 month ago,"Zamalek, Cairo, Egypt ",Full TimeExperienced · 3 - 5 Yrs of Exp · IT/Software Development · Quality · Engineering - Telecom/Technology · Quality Assurance · Quality Control · Computer Science · Engineering · QA · QC · Software,/jobs/p/tMtN0b1uTbmh-Software-Quality-Control-Engineer-Kashier-Payment-Solutions-Cairo-Egypt?o=120&l=sp&t=sj&a=python|search-v3|hpb|spbl
Business Intelligence Manager - Cairo,Pyramid Poultry Co. -,18 days ago,"New Cairo, Cairo, Egypt ",Full TimeManager · 5 - 7 Yrs of Exp · IT/Software Development · Analyst/Research · Engineering - Telecom/Technology · BI · Business Development · Computer Science · Power BI · Mathematics,/jobs/p/tGJ3TET2l1hJ-Business-Intelligence-Manager---Cairo-Pyramid-Poultry-Co-Cairo-Egypt?o=121&l=sp&t=sj&a=python|search-v3|hpb|spbl
UI Developer,Collars HR -,19 days ago,"New Cairo, Cairo, Egypt ",Full TimeExperienced · 5+ Yrs of Exp · IT/Software Development · Engineering - Telecom/Technology · Information Technology (IT) · developer · Software Development · UI · UI Developer · Computer Science,/jobs/p/MaKpTCQs9cAq-UI-Developer-Collars-HR-Cairo-Egypt?o=122&l=sp&t=sj&a=python|search-v3|hpb|spbl
IT Technical Support Specialist (Work Will Be Allocated In Africa) 22001,Confidential -,1 month ago,"Cairo, Egypt ",Full TimeExperienced · 5 - 15 Yrs of Exp · Installation/Maintenance/Repair · IT/Software Development · Engineering - Telecom/Technology · Information Technology (IT) · Computer Hardware · Installation · Networks · Hardware · LAN · WAN,/jobs/p/2w7hAoSRy4mE-IT-Technical-Support-Specialist-Work-Will-Be-Allocated-In-Africa-22001-Cairo-Egypt?o=123&l=sp&t=sj&a=python|search-v3|hpb|spbl
Devops Engineer,Ejada (Cairo) -,1 month ago,"Cairo, Egypt ",Full TimeExperienced · 4 - 6 Yrs of Exp · IT/Software Development · AWS · DevOps · Java,/jobs/p/jwfafPzg1N6q-Devops-Engineer-Ejada-Cairo-Cairo-Egypt?o=124&l=sp&t=sj&a=python|search-v3|hpb|spbl
Data Scientist,Confidential -,2 months ago,"Riyadh, Saudi Arabia ",Full TimeExperienced · 2 - 4 Yrs of Exp · IT/Software Development · Analyst/Research · Engineering - Telecom/Technology · Computer Science · Data Science · Hadoop · Information Technology (IT) · Machine Learning · Naive Bayes · Programming,/jobs/p/OjuPwsoJjnOC-Data-Scientist-Riyadh-Saudi-Arabia?o=125&l=sp&t=sj&a=python|search-v3|hpb|spbl
Senior Odoo Developer,aliaict -,2 months ago,"Nasr City, Cairo, Egypt ",Full TimeExperienced · 3 - 7 Yrs of Exp · IT/Software Development · Engineering - Telecom/Technology · Computer Science · CSS · Agile · Information Technology (IT) · HTML · Software Development · Odoo · Programming,/jobs/p/CsHvaWU326dE-Senior-Odoo-Developer-aliaict-Cairo-Egypt?o=126&l=sp&t=sj&a=python|search-v3|hpb|spbl
Penetration Testing Engineer,MNZ Technology -,1 month ago,"Sheikh Zayed, Giza, Egypt ",Full TimeWork From HomeExperienced · 2 - 3 Yrs of Exp · IT/Software Development · Quality · Penetration Testing · infosec · Information Security · senior penetration testing · hiring · Engineering · Computer Science · Security Testing,/jobs/p/gsbUSVAU8I69-Penetration-Testing-Engineer-MNZ-Technology-Giza-Egypt?o=127&l=sp&t=sj&a=python|search-v3|hpb|spbl
Network & Security Team Leader,Universities of Canada in Egypt -,1 month ago,"New Capital, Cairo, Egypt ",Full TimeManager · 6 - 7 Yrs of Exp · Installation/Maintenance/Repair · IT/Software Development · Engineering - Telecom/Technology · Computer Science · Information Technology (IT) · Networking · Software Engineering · Troubleshooting · Security · English,/jobs/p/4mWyLPS02Xes-Network-Security-Team-Leader-Universities-of-Canada-in-Egypt-Cairo-Egypt?o=128&l=sp&t=sj&a=python|search-v3|hpb|spbl
Solidworks Mechanical Design Engineer,Simplex -,2 months ago,"Cairo, Egypt ",Full TimeEntry Level · 1 - 3 Yrs of Exp · Creative/Design/Art · Manufacturing/Production · Engineering - Mechanical/Electrical · AutoCAD · Design · design engineer · Engineering · engineer · Mechanical · Mechanical Design,/jobs/p/H1FaWXFtpnZY-Solidworks-Mechanical-Design-Engineer-Simplex-Cairo-Egypt?o=129&l=sp&t=sj&a=python|search-v3|hpb|spbl
Full Stack Developer,Easy System -,2 months ago,"Cairo, Egypt ",Full TimePart TimeExperienced · 3 - 10 Yrs of Exp · Installation/Maintenance/Repair · IT/Software Development · Engineering - Telecom/Technology · Information Technology (IT) · Full Stack Development · Java · Computer Science · Angular · CSS · HTML,/jobs/p/C1tWJ8pjKBsh-Full-Stack-Developer-Easy-System-Cairo-Egypt?o=130&l=sp&t=sj&a=python|search-v3|hpb|spbl
Computer Science Teacher,Don Bosco -,1 month ago,"Shubra, Cairo, Egypt ",Full TimePart TimeEntry Level · 0 - 5 Yrs of Exp · IT/Software Development · Engineering - Telecom/Technology · Education/Teaching · Computer Science · Information Technology (IT) · computer · Skills · Software Development · Software Engineering · Teaching,/jobs/p/bCNCgoDzWrTk-Computer-Science-Teacher-Don-Bosco-Cairo-Egypt?o=131&l=sp&t=sj&a=python|search-v3|hpb|spbl
Senior Front End Developer,Dafater -,2 months ago,"Nasr City, Cairo, Egypt ",Full TimeWork From HomeExperienced · 3+ Yrs of Exp · IT/Software Development · Engineering - Telecom/Technology · Computer Science · front-end · Information Technology (IT) · JavaScript · Software Development · Web · HTML · jQuery,/jobs/p/Ganw296LvwQS-Senior-Front-End-Developer-Dafater-Cairo-Egypt?o=132&l=sp&t=sj&a=python|search-v3|hpb|spbl
Trevipay| Senior Software Testing Engineer - El Gouna,Kalasko -,1 month ago,"Hurghada, Red Sea, Egypt ",Full TimeExperienced · 3 - 5 Yrs of Exp · IT/Software Development · Quality · Engineering - Telecom/Technology · Selenium · Testim.io · Katalon Studio · CI/CD · Apache JMeter · Sitespeed.io · Java,/jobs/p/R4xwRMMNrQpe-Trevipay-Senior-Software-Testing-Engineer---El-Gouna-Kalasko-Red-Sea-Egypt?o=133&l=sp&t=sj&a=python|search-v3|hpb|spbl
Odoo Project Manager,Confidential -,1 month ago,"Cairo, Egypt ",Full TimeManager · 8 - 10 Yrs of Exp · IT/Software Development · Project/Program Management · Engineering - Telecom/Technology · ERP · Odoo · Business Processes · Information Technology (IT) · IT · PMP · Project Management,/jobs/p/YD0cRNrkEoiK-Odoo-Project-Manager-Cairo-Egypt?o=134&l=sp&t=sj&a=python|search-v3|hpb|spbl
Odoo Developer & Pre-Sales Specialist,Elitbuzz -,2 months ago,"Maadi, Cairo, Egypt ",Full TimeExperienced · 5+ Yrs of Exp · IT/Software Development · Engineering - Telecom/Technology · Software Development · SW Development · Pre-Sales · ERP Implementation · ERP Software · Communication · Communication skills · Computer Science,/jobs/p/n5RwrIqBcIRZ-Odoo-Developer-Pre-Sales-Specialist-Elitbuzz-Cairo-Egypt?o=135&l=sp&t=sj&a=python|search-v3|hpb|spbl
Senior Professional Services,FlairsTech -,2 months ago,"Maadi, Cairo, Egypt ",Full TimeExperienced · 6 - 8 Yrs of Exp · Customer Service/Support · IT/Software Development · Engineering - Telecom/Technology · Engineering · Customer Support · Communication skills · Software Implementation · Project Management Professional · BI · Mysql Database,/jobs/p/xnMXlfX8Ssnj-Senior-Professional-Services-FlairsTech-Cairo-Egypt?o=136&l=sp&t=sj&a=python|search-v3|hpb|spbl
GIS Database Administrator,Perfect Presentation -,2 months ago,"6th of October, Giza, Egypt ",Full TimeExperienced · 8+ Yrs of Exp · Installation/Maintenance/Repair · IT/Software Development · ArcGIS · Database · Software Engineering,/jobs/p/mUYCCjykyS95-GIS-Database-Administrator-Perfect-Presentation-Giza-Egypt?o=137&l=sp&t=sj&a=python|search-v3|hpb|spbl
MEP BIM Project Engineer,Pinnacle Real Estate Investments and Development Management -,1 month ago,"Maadi, Cairo, Egypt ",Full TimeExperienced · 2 - 5 Yrs of Exp · Engineering - Construction/Civil/Architecture · Project/Program Management · Engineering · Mechanical Engineering · Revit · Navisworks · Project Management · MEP · Dynamo · C## Programing,/jobs/p/JjneusIUhP62-MEP-BIM-Project-Engineer-Pinnacle-Real-Estate-Investments-and-Development-Management-Cairo-Egypt?o=138&l=sp&t=sj&a=python|search-v3|hpb|spbl
C++ / javascript Developer,LyRise -,2 months ago,"Cairo, Egypt ",Full TimeExperienced · 2+ Yrs of Exp · IT/Software Development · Engineering - Telecom/Technology · Computer Science · Engineering · JavaScript · Software Engineering · c++ · Android · Development · Information Technology (IT),/jobs/p/v9lKjm8IK536-C-javascript-Developer-LyRise-Cairo-Egypt?o=139&l=sp&t=sj&a=python|search-v3|hpb|spbl
Senior Full Stack Developer,Infasme -,2 months ago,"Heliopolis, Cairo, Egypt ",Full TimeExperienced · 5 - 10 Yrs of Exp · IT/Software Development · Engineering - Telecom/Technology · Engineering · Computer Engineering · Software Development · Information Technology (IT) · English · Computer Science,/jobs/p/pGDmZqGrStaN-Senior-Full-Stack-Developer-Fotopia-Cairo-Egypt?o=140&l=sp&t=sj&a=python|search-v3|hpb|spbl
Senior Business Intelligence Developer,Confidential -,2 months ago,"Maadi, Cairo, Egypt ",Full TimeExperienced · 5+ Yrs of Exp · IT/Software Development · Engineering - Telecom/Technology · Analysis · BI · business · Business Development · Business Intelligence · Communication skills · Computer Science · Development,/jobs/p/aOifNpuFajeK-Senior-Business-Intelligence-Developer-Cairo-Egypt?o=141&l=sp&t=sj&a=python|search-v3|hpb|spbl
Unity Game Developer,Confidential -,2 months ago,"Badr City, Cairo, Egypt ",Full TimeExperienced · 2 - 4 Yrs of Exp · IT/Software Development · Engineering - Telecom/Technology · Unity 3D · Design · Software Development · Scripting · Game · Git · GUI · Development,/jobs/p/C2SsUEspapYD-Unity-Game-Developer-Cairo-Egypt?o=142&l=sp&t=sj&a=python|search-v3|hpb|spbl
Data Engineers / Senior (Multinational Company),Hala Consulting  -,2 months ago,"New Cairo, Cairo, Egypt ",Full TimeExperienced · 3+ Yrs of Exp · IT/Software Development · Analyst/Research · Engineering - Telecom/Technology · back-end · Computer Science · Data · Software Development · Software Engineering · Architecture · AWS,/jobs/p/bImU6Lr0L1ch-Data-Engineers-Senior-Multinational-Company-Hala-Consulting-Cairo-Egypt?o=143&l=sp&t=sj&a=python|search-v3|hpb|spbl
